Player Name,Salary,Position,Age,GP,MP,GS,FG,FG%,2PA,2P%,AST,AST%
Stephen Curry,48.070014,PG,34,56,34.7,56,10,0.493,8.8,0.579,6.3,30
John Wall,47.34576,PG,32,34,22.2,3,4.1,0.408,6.7,0.459,5.2,35.3
Russell Westbrook,47.080179,PG,34,73,29.1,24,5.9,0.436,9.7,0.487,7.5,38.6
LeBron James,44.474988,PF,38,55,35.5,54,11.1,0.5,15.3,0.58,6.8,33.5
Kevin Durant,44.119845,PF,34,47,35.6,47,10.3,0.56,13.4,0.617,5,24.5
Bradley Beal,43.27925,SG,29,50,33.5,50,8.9,0.506,13.2,0.552,5.4,26.6
Kawhi Leonard,42.492492,SF,31,52,33.6,50,8.6,0.512,11.9,0.551,3.9,19.6
Paul George,42.492492,SF,32,56,34.6,56,8.2,0.457,10.3,0.521,5.1,24.2
Giannis Antetokounmpo,42.492492,PF,28,63,32.1,63,11.2,0.553,17.6,0.596,5.7,33.2
Damian Lillard,42.492492,PG,32,58,36.3,58,9.6,0.463,9.4,0.574,7.3,35
Klay Thompson,40.60008,SF,32,69,33,69,7.9,0.436,7.6,0.47,2.4,11
Rudy Gobert,38.172414,C,30,70,30.7,70,5.1,0.659,7.8,0.663,1.2,5.6
Khris Middleton,37.984276,SF,31,33,24.3,19,5.4,0.436,7.4,0.516,4.9,30.7
Anthony Davis,37.98072,C,29,56,34,54,9.7,0.563,15.9,0.589,2.6,13
Jimmy Butler,37.6533,PF,33,64,33.4,64,7.5,0.539,12.3,0.564,5.3,27.1
Tobias Harris,37.63305,SF,30,74,32.9,74,5.7,0.501,7,0.57,2.5,11.4
Kemba Walker,37.281261,PG,32,9,16,1,2.7,0.421,3.2,0.586,2.1,20.1
Trae Young,37.0965,PG,24,73,34.8,73,8.2,0.429,12.7,0.476,10.2,42.5
Zach LaVine,37.0965,SG,27,77,35.9,77,8.7,0.485,11,0.556,4.2,18.7
Ben Simmons,35.448672,PG,26,42,26.3,33,3.2,0.566,5.5,0.571,6.1,31.3
Pascal Siakam,35.448672,PF,28,71,37.4,71,8.9,0.48,14.5,0.523,5.8,24.9
Myles Turner,35.0965,C,26,62,29.4,62,6.5,0.548,7.8,0.638,1.4,7.5
Jrue Holiday,34.31952,PG,32,67,32.6,65,7.3,0.479,9.1,0.542,7.4,34.4
Karl-Anthony Towns,33.8334,PF,27,29,33,29,7.3,0.495,9.1,0.576,4.8,22
Devin Booker,33.8334,SG,26,53,34.6,53,9.9,0.494,14.2,0.554,5.5,27.3
Andrew Wiggins,33.61677,SF,27,37,32.2,37,6.8,0.473,8.2,0.53,2.3,10.5
Joel Embiid,33.61677,C,28,66,34.6,66,11,0.548,17.1,0.587,4.2,22.9
CJ McCollum,33.333333,SG,31,75,35.3,75,7.8,0.437,10.7,0.469,5.7,25.1
James Harden,33,PG,33,58,36.8,58,6.4,0.441,7.3,0.495,10.7,43.3
Jamal Murray,31.6506,PG,25,65,32.8,65,7.3,0.454,9.4,0.494,6.2,27.5
Brandon Ingram,31.6506,SF,25,45,34.2,45,9,0.484,14.9,0.507,5.8,28.1
D'Angelo Russell,31.37775,PG,26,71,32.5,71,6.3,0.469,6.5,0.548,6.2,27.4
Donovan Mitchell,30.91375,SG,26,68,35.8,68,10,0.484,11.3,0.566,4.4,21.4
Shai Gilgeous-Alexander,30.91375,PG,24,68,35.5,68,10.4,0.51,17.8,0.533,5.5,25.7
Deandre Ayton,30.91375,C,24,67,30.4,67,7.8,0.589,12.9,0.597,1.7,9.2
Kevin Love,30.556968,PF,34,62,20,20,2.7,0.389,2.1,0.516,1.9,13.2
Jayson Tatum,30.35178,SF,24,74,36.9,74,9.8,0.466,11.8,0.558,4.6,20.9
Bam Adebayo,30.35178,C,25,75,34.6,75,8,0.54,14.7,0.545,3.2,15.9
De'Aaron Fox,30.35178,PG,25,73,33.4,73,9.3,0.512,13.2,0.584,6.1,29.6
Gordon Hayward,30.075,SF,32,50,31.5,50,5.5,0.475,8.4,0.532,4.1,19.3
Jaylen Brown,29.776785,SF,26,67,35.9,67,10.1,0.491,13.4,0.576,3.5,16.5
Chris Paul,28.4,PG,37,59,32,59,5,0.44,6.9,0.482,8.9,38.7
Kyle Lowry,28.333334,PG,36,55,31.2,44,3.6,0.404,3.2,0.509,5.1,23.4
Jalen Brunson,27.733332,PG,26,68,35,68,8.6,0.491,12.8,0.519,6.2,28.7
DeMar DeRozan,27.3,SF,33,74,36.2,74,8.9,0.504,15.7,0.526,5.1,22.3
Al Horford,26.5,C,36,63,30.5,63,3.6,0.476,2.4,0.539,3,13.2
Draymond Green,25.806468,PF,32,73,31.5,73,3.4,0.527,4.7,0.612,6.8,27.8
Julius Randle,23.76,PF,28,77,35.5,77,8.5,0.459,10.3,0.553,4.1,18.5
John Collins,23.5,PF,25,71,30,71,5.1,0.508,6.6,0.619,1.2,5.3
Mike Conley,22.68,PG,35,67,30.3,66,3.9,0.428,3.9,0.486,6.7,29.4
Malcolm Brogdon,22.6,PG,30,67,26,0,5.3,0.484,6.5,0.51,3.7,21.5
Anfernee Simons,22.321429,SG,23,62,35,62,7.5,0.447,7.8,0.528,4.1,18.6
Terry Rozier,21.486316,SG,28,63,35.3,63,7.8,0.415,10.8,0.48,5.1,22.7
Fred VanVleet,21.25,PG,28,69,36.7,69,6.3,0.393,7.3,0.455,7.2,28.1
Buddy Hield,21.17775,SF,30,80,31,73,5.9,0.458,4.5,0.518,2.8,13.3
Domantas Sabonis,21.1,C,26,79,34.6,79,7.3,0.615,10.8,0.639,7.3,30.4
Jerami Grant,20.955,PF,28,63,35.7,63,6.9,0.475,8.8,0.523,2.4,10.3
Aaron Gordon,20.690909,PF,27,68,30.2,68,6.3,0.564,8.6,0.628,3,14.2
Jarrett Allen,20,C,24,68,32.6,68,5.9,0.644,9.1,0.653,1.7,7.5
Nicolas Batum,19.700319,PF,34,78,21.9,19,2.1,0.42,0.8,0.563,1.6,9.4
Eric Gordon,19.56836,SG,34,69,28.5,58,4.2,0.446,4.3,0.535,2.7,13.4
Caris LeVert,18.796296,SG,28,74,30.2,30,4.3,0.431,5.6,0.462,3.9,18
Joe Harris,18.642857,SF,31,74,20.6,33,2.7,0.457,1.4,0.551,1.4,9.1
Harrison Barnes,18.352273,PF,30,82,32.5,82,4.6,0.473,5.3,0.553,1.6,6.3
Clint Capela,18.206896,C,28,65,26.6,63,5.4,0.653,8.2,0.654,0.9,4.7
Evan Fournier,18,SG,30,27,17,7,2.1,0.337,1.9,0.404,1.3,10.6
Steven Adams,17.926829,C,29,42,27,42,3.7,0.597,6.2,0.599,2.3,11.2
Jonathan Isaac,17.4,PF,25,11,11.3,0,2,0.415,3.5,0.421,0.5,7.3
OG Anunoby,17.357143,SF,25,67,35.6,67,6.3,0.476,7.7,0.539,2,8
Marcus Smart,17.207142,PG,28,61,32.1,61,4.1,0.415,4.3,0.519,6.3,26.4
Derrick White,17.142857,SG,28,82,28.3,70,4.3,0.462,4.5,0.548,3.9,19.4
Dejounte Murray,17.07112,SG,26,74,36.4,74,8.3,0.464,12.6,0.514,6.1,24
Mitchell Robinson,17.045454,C,24,59,27,58,3.2,0.671,4.7,0.671,0.9,4.5
Duncan Robinson,16.902,SF,28,42,16.5,1,2.1,0.371,1.1,0.556,1.1,9.7
Norman Powell,16.758621,SG,29,60,26.1,8,5.7,0.479,7.1,0.534,1.8,11
Collin Sexton,16.7,PG,24,48,23.9,15,4.9,0.506,7.2,0.546,2.9,17.9
Markelle Fultz,16.5,PG,24,60,29.6,60,5.8,0.514,9.9,0.544,5.7,29.8
Lauri Markkanen,16.475454,PF,25,66,34.4,66,8.7,0.499,9.6,0.585,1.9,8.6
Marcus Morris,16.372093,PF,33,65,28.1,65,4.2,0.426,5.2,0.484,1.8,8.9
Malik Beasley,15.558035,SG,26,81,25.8,27,4.6,0.395,3.4,0.484,1.5,8.4
Luguentz Dort,15.277778,SF,23,74,30.7,73,4.6,0.388,6.3,0.44,2.1,9.2
Will Barton,15.059712,SG,32,56,17.7,2,2.5,0.379,3.3,0.391,2,15.4
Tyus Jones,15,PG,26,80,24.3,22,3.9,0.438,4.8,0.495,5.2,28.8
Derrick Rose,14.52073,PG,34,27,12.5,0,2.3,0.384,3.6,0.438,1.7,19.9
Kevin Huerter,14.508929,SG,24,75,29.4,75,5.6,0.485,4.7,0.604,2.9,14.1
Christian Wood,14.317459,C,27,67,25.9,17,5.9,0.515,7.3,0.594,1.8,11.7
Kentavious Caldwell-Pope,14.004703,SG,29,76,31.3,76,3.8,0.462,4.1,0.502,2.4,9.8
Brook Lopez,13.906976,C,34,78,30.4,78,6.1,0.531,6.9,0.637,1.3,6.1
Doug McDermott,13.75,SF,31,64,20.5,0,3.7,0.457,3.5,0.516,1.4,9.8
Luke Kennard,13.745455,SG,26,59,22.3,14,3.2,0.492,1.9,0.487,1.5,9.4
Zion Williamson,13.534817,PF,22,29,33,29,9.8,0.608,15.5,0.618,4.6,24.4
Jordan Clarkson,13.34,SG,30,61,32.6,61,7.5,0.444,9.4,0.53,4.4,20.9
Gary Harris,13,SG,28,48,24.7,42,2.9,0.45,1.9,0.494,1.2,6.9
Kyle Kuzma,13,PF,27,64,35,64,8,0.448,10.3,0.533,3.7,16.5
Josh Hart,12.96,SF,27,76,32.3,52,3.6,0.529,4.7,0.601,3.8,16.1
Dorian Finney-Smith,12.939848,PF,29,66,30.4,66,3,0.391,2.5,0.503,1.5,6.7
Kelly Olynyk,12.804878,C,31,68,28.6,68,4.1,0.499,4.7,0.576,3.7,17.6
Chris Boucher,12.69,PF,30,76,20,0,3.4,0.493,4.5,0.585,0.4,2.7
Robert Covington,12.307692,PF,32,48,16.2,0,2.1,0.445,1.9,0.516,1.2,10.2
Josh Richardson,12.196094,SG,29,65,23.5,10,3.7,0.431,4,0.506,2.7,15.8
Ja Morant,12.11944,PG,23,61,31.9,59,9.3,0.466,15,0.519,8.1,41.1
Danny Green,11.710528,SG,35,11,12.5,0,2,0.449,1.1,0.5,0.5,6.1
Terrence Ross,11.5,SG,31,63,21.1,9,3.2,0.43,3.3,0.507,1.5,10.2
Reggie Jackson,11.457217,PG,32,68,24.4,40,3.9,0.411,5.2,0.474,3.4,20
Dillon Brooks,11.4,SF,27,73,30.3,73,5.4,0.396,7.6,0.451,2.6,11.7
Richaun Holmes,11.21526,C,29,42,8.3,1,1.3,0.618,1.9,0.617,0.2,3.5
Dwight Powell,11.080125,C,31,76,19.2,64,2.6,0.732,3.5,0.746,0.9,6.9
Paolo Banchero,11.05512,PF,20,72,33.8,72,6.7,0.427,11.6,0.471,3.7,17.2
RJ Barrett,10.900634,SG,22,73,33.9,73,7,0.434,10.8,0.495,2.8,12.4
Bobby Portis,10.84335,PF,27,70,26,22,5.7,0.496,7.8,0.555,1.5,8.7
DeAndre Jordan,10.733758,C,34,39,15,8,2.3,0.765,2.9,0.763,0.9,7.7
Anthony Edwards,10.7334,SG,21,79,36,79,8.9,0.459,12.2,0.513,4.4,19.3
Robert Williams,10.714287,C,25,35,23.5,20,3.6,0.747,4.8,0.751,1.4,8.5
Cade Cunningham,10.5528,PG,21,12,33.3,12,7.8,0.415,13.6,0.466,6,30.7
Mo Bamba,10.3,C,24,49,15.7,7,2.4,0.485,2.4,0.59,0.9,8.7
Talen Horton-Tucker,10.26,SG,22,65,20.2,20,4,0.419,6.3,0.485,3.8,27.4
Jae Crowder,10.1838,PF,32,18,18.9,3,2.5,0.479,2.2,0.538,1.5,10.6
Ivica Zubac,10.123457,C,25,76,28.6,76,4.3,0.634,6.7,0.637,1,5.1
Reggie Bullock,10.0128,SF,31,78,30.3,55,2.5,0.409,0.9,0.562,1.4,6.2
Alec Burks,10.0128,SG,31,51,22,8,3.9,0.436,4.3,0.459,2.2,15.9
De'Andre Hunter,9.835881,SF,25,67,31.7,67,5.7,0.461,8,0.521,1.4,6
James Wiseman,9.60336,C,21,45,19.3,22,4.2,0.558,7.1,0.58,0.7,5.5
Landry Shamet,9.5,SG,25,40,20.2,9,2.8,0.377,2.5,0.376,2.3,15.7
Malik Monk,9.472219,SG,24,77,22.3,0,4.6,0.448,5.2,0.538,3.9,25
Jalen Green,9.44184,SG,20,76,34.2,76,7.4,0.416,10.6,0.471,3.7,17.3
Jakob Poeltl,9.398148,C,27,72,26.5,71,5.4,0.629,8.6,0.63,2.7,15.2
Nerlens Noel,9.391069,C,28,17,11.5,4,0.8,0.361,2,0.353,0.6,6.7
Royce O'Neale,9.2,SF,29,76,31.7,53,3,0.386,2.3,0.379,3.7,15.3
Monte Morris,9.125,PG,27,62,27.3,61,4,0.48,5,0.543,5.3,26.4
Mason Plumlee,9.080417,C,32,79,26,60,4.2,0.68,6.1,0.68,3.1,17.3
Alex Caruso,9.03,PG,28,67,23.5,36,1.9,0.455,2,0.556,2.9,15.4
Maxi Kleber,9,PF,31,37,25.1,5,2.1,0.456,1.5,0.667,1.4,7.5
Grayson Allen,8.925,SG,27,72,27.4,70,3.4,0.44,2.7,0.518,2.3,10.9
Darius Garland,8.920794,PG,23,69,35.5,69,7.6,0.462,10.4,0.492,7.8,34.1
Isaiah Hartenstein,8.854879,C,24,82,19.8,8,2.1,0.535,3.5,0.576,1.2,8.3
Kyle Anderson,8.780488,PF,29,69,28.4,46,3.7,0.509,5.7,0.536,4.9,22.6
Victor Oladipo,8.75,SG,30,42,26.3,2,3.8,0.397,4.5,0.471,3.5,19.8
Daniel Theis,8.694369,C,30,7,15.6,1,3,0.477,4.7,0.576,1.3,12.2
LaMelo Ball,8.62392,PG,21,36,35.2,36,8.2,0.411,9.4,0.45,8.4,38.7
Seth Curry,8.496653,SG,32,61,19.9,7,3.4,0.463,3.6,0.525,1.6,11.9
Evan Mobley,8.47872,PF,21,79,34.4,79,6.6,0.554,10.7,0.595,2.8,12.4
Gary Payton II,8.3,SG,30,22,16.7,1,1.9,0.594,2,0.651,1.4,11
Dewayne Dedmon,8.283688,C,33,38,11.2,1,2,0.51,2.9,0.58,0.7,9.5
De'Anthony Melton,8.25,SG,24,77,27.9,58,3.6,0.425,3.2,0.484,2.6,12.9
JaMychal Green,8.2,PF,32,57,14,1,2.4,0.54,2.5,0.667,0.9,8.9
Keegan Murray,8.00844,SF,22,80,29.8,78,4.4,0.453,3.5,0.527,1.2,5.5
Kevon Looney,8,C,26,82,23.9,70,3,0.63,4.7,0.632,2.5,13.8
Thaddeus Young,8,PF,34,54,14.7,9,2,0.545,3,0.622,1.4,12.9
Delon Wright,7.804878,PG,30,50,24.4,14,2.8,0.474,3.4,0.564,3.9,20.9
Patrick Williams,7.7754,PF,21,82,28.3,65,3.8,0.464,4.9,0.498,1.2,5.8
Scottie Barnes,7.6446,SF,21,77,34.8,76,6,0.456,10.3,0.505,4.8,20
Cedi Osman,7.426088,SF,27,77,20.1,2,3.1,0.451,2.8,0.564,1.5,10.6
Coby White,7.413955,SG,22,74,23.4,2,3.6,0.443,3.4,0.54,2.8,16.3
Zach Collins,7.35,C,25,63,22.9,26,4.5,0.518,6.4,0.571,2.9,18
Jaden Ivey,7.2522,SG,20,74,31.1,73,5.5,0.416,8.6,0.457,5.2,26.2
Taurean Prince,7.1,PF,28,54,22.1,4,3.3,0.467,3.4,0.557,1.6,9.6
Jae'Sean Tate,7.065217,SF,27,31,21.8,7,3.5,0.48,5.9,0.53,2.7,18.2
Isaac Okoro,7.04088,SF,22,76,21.7,46,2.3,0.494,2.4,0.617,1.1,7
Cody Martin,7,SF,27,7,19.1,0,2,0.389,3.1,0.5,1.6,11
Jalen Suggs,6.92232,SG,21,53,23.5,19,3.5,0.419,4.6,0.496,2.9,18
Jaxson Hayes,6.803012,C,22,47,13,2,1.8,0.551,2.7,0.654,0.7,7.7
Khem Birch,6.6675,C,30,20,8.1,0,1,0.594,1.5,0.6,0.4,5.8
Bennedict Mathurin,6.5868,SG,20,78,28.5,17,5.3,0.434,8.2,0.488,1.5,7.6
Bruce Brown,6.479,SF,26,80,28.5,31,4.5,0.483,6.1,0.548,3.4,15.7
Caleb Martin,6.479,SF,27,71,29.3,49,3.6,0.464,4.4,0.545,1.6,8.2
Joe Ingles,6.479,SF,35,46,22.7,0,2.3,0.435,1,0.556,3.3,18.4
Onyeka Okongwu,6.39516,C,22,80,23.1,18,4,0.638,6.1,0.647,1,5.8
Josh Giddey,6.2874,PF,20,76,31.1,76,7.1,0.482,11.6,0.524,6.2,29.9
Rui Hachimura,6.263188,PF,24,63,23.3,9,4.5,0.486,6.7,0.55,0.9,5.8
Rudy Gay,6.1845,PF,36,56,14.6,0,1.9,0.38,2.8,0.484,1,9.4
Jevon Carter,6.025,PG,27,81,22.3,39,3,0.423,2.8,0.425,2.4,14.5
Shaedon Sharpe,6.01296,SG,19,80,22.2,15,3.8,0.472,4.6,0.559,1.2,7.9
Cameron Payne,6,PG,28,48,20.2,15,3.9,0.415,5.6,0.448,4.5,32.6
Justin Holiday,5.987975,SF,33,46,15.3,2,1.7,0.377,1.3,0.508,0.9,7.5
Cam Reddish,5.954454,SF,23,40,24.8,20,3.5,0.446,4.2,0.56,1.4,8.1
Cameron Johnson,5.887899,PF,26,42,28.5,41,5.3,0.47,5.2,0.548,1.9,9.6
Ricky Rubio,5.853659,PG,32,33,17.2,2,1.8,0.343,2.9,0.417,3.5,27.1
Killian Hayes,5.83776,PG,21,76,28.3,56,4,0.377,7,0.429,6.2,32.3
Jonathan Kuminga,5.73984,PF,20,67,20.8,16,3.9,0.525,5.2,0.59,1.9,12.7
Pat Connaughton,5.728393,SF,30,61,23.7,33,2.7,0.392,1.6,0.566,1.3,6.9
Tyler Herro,5.722116,SG,23,67,34.9,67,7.3,0.439,8.5,0.497,4.2,19.9
Romeo Langford,5.634257,SG,23,43,19.6,21,2.8,0.467,4.6,0.53,1.2,7.9
Dyson Daniels,5.5086,PG,19,59,17.7,11,1.5,0.418,2.1,0.492,2.3,16.4
JaVale McGee,5.461219,C,35,42,8.5,7,1.9,0.64,2.9,0.65,0.3,5.2
Goga Bitadze,5.37752,C,23,38,12,1,1.8,0.552,2.6,0.636,1,12.1
Obi Toppin,5.34828,PF,24,67,15.7,5,2.8,0.446,2.6,0.593,1,9.2
Franz Wagner,5.25828,SF,21,80,32.6,80,6.8,0.485,9.5,0.544,3.5,17.2
Kendrick Nunn,5.25,SG,27,70,13.8,2,2.7,0.424,3.2,0.493,1.3,13.8
Hamidou Diallo,5.2,SF,24,56,17.8,0,3.8,0.573,6.3,0.593,1,9.2
Cory Joseph,5.1555,PG,31,62,19.8,2,2.4,0.427,2.8,0.468,3.5,25.4
Garrett Temple,5.1555,SG,36,25,6.5,0,0.7,0.4,0.8,0.368,0.5,10.6
Torrey Craig,5.121951,PF,32,79,24.7,60,2.9,0.456,3.1,0.518,1.5,7.9
Jeremy Sochan,5.06352,PF,19,56,26,53,4.5,0.453,7.5,0.519,2.5,13.6
Nickeil Alexander-Walker,5.009633,SG,24,59,15,3,2.2,0.444,2.3,0.515,1.8,16.7
Furkan Korkmaz,5,SG,25,37,9.5,0,1.3,0.432,1.8,0.462,0.6,8.8
Deni Avdija,4.91616,SF,22,76,26.6,40,3.3,0.437,4.6,0.53,2.8,13.9
Davion Mitchell,4.8336,PG,24,80,18.1,9,2.3,0.454,2.5,0.584,2.3,16.5
Johnny Davis,4.81032,SG,20,28,15.1,5,2.4,0.386,3.6,0.485,1,9.2
Ty Jerome,4.728948,SG,25,45,18.1,2,2.6,0.488,3.4,0.546,3,22.1
Jalen Smith,4.67016,C,22,68,18.8,31,3.6,0.476,4.7,0.593,1,7.6
Ziaire Williams,4.59168,SF,21,37,15.2,4,2.3,0.429,2.7,0.596,0.9,8.2
Ousmane Dieng,4.56984,PF,19,39,14.6,1,1.9,0.42,2.1,0.602,1.2,10.7
Jeff Green,4.5,PF,36,56,19.5,4,2.9,0.488,4,0.58,1.2,8.3
Donte DiVincenzo,4.5,SG,26,72,26.3,36,3.3,0.435,2.3,0.525,3.5,17.3
Devin Vassell,4.437,SG,22,38,31,32,6.9,0.439,8.7,0.48,3.6,17.3
Jarred Vanderbilt,4.374,PF,23,78,24.1,65,3.2,0.548,4.6,0.604,2.4,13.1
James Bouknight,4.36224,SG,22,34,15.1,0,2,0.358,2.5,0.429,1.2,11.1
Brandon Clarke,4.343919,PF,26,56,19.5,8,4.1,0.656,6.1,0.665,1.3,9.5
Jalen Williams,4.34148,SG,21,75,30.3,62,5.5,0.521,7.9,0.579,3.3,15.4
Grant Williams,4.306281,PF,24,79,25.9,23,2.7,0.454,2.3,0.546,1.7,8.4
Darius Bazley,4.264628,C,22,43,14.3,1,1.9,0.454,3,0.485,0.9,8.3
Tyrese Haliburton,4.21512,PG,22,56,33.6,56,7.4,0.49,7.8,0.572,10.4,47.6
Nassir Little,4.171548,SF,22,54,18.1,4,2.5,0.442,2.7,0.524,0.9,7.3
Jalen Duren,4.12428,C,19,67,24.9,31,3.9,0.648,5.9,0.652,1.1,6.8
Gorgui Dieng,4.105236,C,33,31,11.5,1,1.5,0.385,1.4,0.571,1.7,19.4
Justise Winslow,4.097561,PF,26,29,26.8,11,2.8,0.409,5.3,0.438,3.4,17.2
Dylan Windler,4.037277,SF,26,3,3.3,0,0.7,0.667,0.3,1,0.3,15.2
Stanley Johnson,4.022164,SF,26,30,15.6,0,2.2,0.533,2.7,0.573,2.2,19
Terence Davis,4,SG,25,64,13.1,5,2.4,0.423,1.9,0.537,1,11.1
Chris Duarte,3.93696,SF,25,46,19.5,12,2.7,0.369,3.5,0.428,1.4,9.7
Alex Len,3.9186,C,29,26,6.2,2,0.6,0.533,1.1,0.571,0.5,9.3
Ochai Agbaji,3.91836,SG,22,59,20.5,22,2.8,0.427,2.7,0.532,1.1,7.5
Jordan Poole,3.901399,PG,23,82,30,43,6.7,0.43,7.8,0.524,4.5,22.5
Keldon Johnson,3.873024,SF,23,63,32.7,63,8,0.452,11.2,0.523,2.9,13.7
James Johnson,3.841067,PF,35,18,9,1,1.2,0.449,1.9,0.559,0.8,12.6
Aaron Nesmith,3.80436,SF,23,73,24.9,60,3.5,0.427,3.8,0.496,1.3,7.4
Moses Moody,3.74016,SG,20,63,13,3,1.7,0.476,1.5,0.641,0.8,8.2
Mark Williams,3.72204,C,21,43,19.3,17,3.7,0.637,5.8,0.637,0.4,3.3
Cole Anthony,3.61368,PG,22,60,25.9,4,4.6,0.454,6.7,0.5,3.9,22.9
Corey Kispert,3.55284,SF,23,74,28.3,45,3.9,0.497,2.7,0.637,1.2,5.7
AJ Griffin,3.53616,SF,19,72,19.5,12,3.4,0.465,3.8,0.536,1,7
Mike Muscala,3.5,C,31,63,15,9,2.1,0.449,1.3,0.588,0.8,7.1
Georges Niang,3.465,PF,29,78,19.4,1,2.8,0.442,1.5,0.576,1,7.3
Isaiah Stewart,3.43332,C,21,50,28.3,47,3.9,0.442,4.7,0.542,1.4,7.3
Chuma Okeke,3.43332,SF,24,27,19.2,8,1.6,0.352,1.3,0.472,1.4,9.4
Amir Coffey,3.395062,SF,25,50,12.5,9,1.1,0.386,2.1,0.429,1.1,11.2
Tari Eason,3.35916,PF,21,82,21.5,5,3.6,0.448,6,0.486,1.1,7.4
Aleksej Pokusevski,3.26148,PF,21,34,20.6,25,3.2,0.434,4.3,0.483,1.9,12.4
Simone Fontecchio,3.205128,SF,27,52,14.7,6,2.2,0.369,2.3,0.43,0.8,7.5
Andre Drummond,3.2,C,29,67,12.7,0,2.5,0.606,4,0.613,0.5,5.7
Dalen Terry,3.1914,SG,20,38,5.6,0,0.8,0.444,1.2,0.556,0.6,14.1
Sterling Brown,3.122602,SF,27,4,6,0,0,0,0.5,0,0.5,9.4
Josh Green,3.0984,SG,22,60,25.7,21,3.4,0.537,3.6,0.643,1.7,9.7
Jake LaRavia,3.04764,PF,21,35,11.8,0,1.1,0.389,0.7,0.542,0.6,6.2
Tre Mann,3.0462,PG,21,67,17.7,5,2.9,0.393,3.6,0.475,1.8,14
Saddiq Bey,2.95908,SF,23,77,27.6,37,4.6,0.422,5.4,0.483,1.5,8.1
Malaki Branham,2.9256,SG,19,66,23.5,32,4.1,0.44,5.4,0.539,1.9,11.4
Joe Wieskamp,2.909261,SF,23,9,5.6,0,0.3,0.214,0.2,0,0.3,7.4
Kai Jones,2.90904,C,22,46,12,0,1.5,0.558,2.2,0.624,0.3,3.7
Blake Griffin,2.905851,C,33,41,13.9,16,1.5,0.485,1.6,0.625,1.5,14.2
Robin Lopez,2.905851,C,34,37,8.1,2,1.3,0.64,1.9,0.648,0.5,9.1
Markieff Morris,2.905851,PF,33,35,10.1,2,1.3,0.409,1.3,0.432,0.9,12.2
Andre Iguodala,2.905851,PF,39,8,14.1,0,0.9,0.467,0.8,1,2.4,20.3
Serge Ibaka,2.905851,C,33,16,11.6,0,1.6,0.481,2.3,0.556,0.3,2.9
Udonis Haslem,2.905851,C,42,7,10.1,1,1.4,0.345,2.9,0.35,0,0
Wesley Matthews,2.905851,SF,36,52,15.8,0,1.1,0.363,0.7,0.528,0.7,5.1
Austin Rivers,2.905851,SG,30,52,19.5,10,1.8,0.435,1.7,0.558,1.4,9.3
Bismack Biyombo,2.905851,C,30,61,14.3,14,2,0.578,3.4,0.578,0.9,8.7
Taj Gibson,2.905851,C,37,49,9.8,2,1.3,0.52,2.1,0.564,0.7,9.6
Precious Achiuwa,2.84016,C,23,55,20.7,12,3.6,0.485,5.4,0.564,0.9,6.3
Christian Braun,2.8086,SG,21,76,15.5,6,1.9,0.495,2.5,0.565,0.8,6.4
Jordan Nwora,2.8,SF,24,62,19.2,14,3.1,0.436,3.8,0.462,1.4,10.5
Jalen Johnson,2.79264,SF,21,70,14.9,6,2.3,0.491,3.1,0.587,1.2,10.4
Tyrese Maxey,2.72688,SG,22,60,33.6,41,7.3,0.481,9.1,0.513,3.5,16.9
Bruno Fernando,2.717391,C,24,39,10.4,4,1.5,0.527,2.8,0.546,0.8,10.8
Walker Kessler,2.6964,C,21,74,23,40,4,0.72,5.6,0.723,0.9,5.7
Keon Johnson,2.68104,SG,20,40,10.4,0,1.7,0.376,2.4,0.402,1.5,20.9
Charles Bassey,2.674742,C,22,35,14.5,2,2.5,0.644,3.6,0.661,1.3,12.9
Matthew Dellavedova,2.628597,PG,32,32,6.7,0,0.5,0.34,0.7,0.348,1.3,23.4
Trey Lyles,2.625,PF,27,74,16.9,0,2.5,0.458,2.3,0.595,0.9,7
Zeke Nnaji,2.6178,PF,22,53,13.7,5,2.1,0.561,2.5,0.71,0.3,3.3
David Roddy,2.58864,PF,21,70,18,4,2.6,0.429,3,0.553,0.8,6.1
Isaiah Jackson,2.57376,C,21,63,16.5,12,2.8,0.563,4.8,0.582,0.8,7
MarJon Beauchamp,2.4852,SF,22,52,13.5,11,1.8,0.395,1.9,0.485,0.7,6.7
Usman Garuba,2.47116,C,20,75,12.9,1,1.1,0.486,1.6,0.525,0.9,8.8
Raul Neto,2.46349,PG,30,48,10.5,1,1.2,0.518,1.4,0.662,1.6,21
Frank Kaminsky,2.46349,C,29,36,6.5,0,0.9,0.492,0.8,0.6,0.9,17.8
Montrezl Harrell,2.46349,C,29,57,11.9,7,2.2,0.598,3.6,0.616,0.6,7.4
Blake Wesley,2.38548,SG,19,37,18.1,1,1.9,0.321,4.4,0.301,2.7,18.8
Josh Christopher,2.37216,SG,21,64,12.3,2,2.4,0.465,3.8,0.55,1.1,14.3
Isaiah Roby,2.330681,PF,24,42,11.3,2,1.6,0.432,2.3,0.516,0.9,10.7
Lindy Waters III,2.316876,SG,25,41,13,0,1.7,0.393,0.4,0.75,0.7,7
Immanuel Quickley,2.31624,SG,23,81,28.9,21,5.2,0.448,6,0.521,3.4,17.4
John Konchar,2.3,SF,26,72,20.8,23,1.9,0.431,2,0.545,1.4,8.2
Rodney McGruder,2.298385,SG,31,32,16.4,12,1.9,0.408,1.7,0.382,0.9,7.6
Bryn Forbes,2.298385,SG,29,25,10.7,0,1.2,0.361,1.5,0.432,0.7,8.2
Damian Jones,2.298385,C,27,41,11.6,1,1.3,0.64,1.7,0.652,0.4,4.1
Quentin Grimes,2.277,SG,22,71,29.9,66,4,0.468,2.7,0.641,2.1,9.7
Saben Lee,2.26664,PG,23,25,14.9,1,2,0.405,3.6,0.418,2.7,24.3
Andrew Nembhard,2.244111,SG,23,75,27.6,63,3.8,0.441,5.1,0.504,4.5,22.4
Payton Pritchard,2.2392,PG,25,48,13.4,3,2.1,0.412,1.9,0.495,1.3,14
Bones Hyland,2.20152,PG,22,56,19.4,1,4.1,0.399,4.6,0.434,3.1,23.4
Bol Bol,2.2,PF,23,70,21.5,33,3.7,0.546,5.2,0.633,1,6.9
Peyton Watson,2.19396,SG,20,23,8.1,2,1.3,0.492,2,0.511,0.5,7.9
Udoka Azubuike,2.17488,C,23,36,10,4,1.6,0.819,2,0.819,0.3,4.3
Jaden McDaniels,2.16144,SF,22,79,30.6,79,4.7,0.517,5.7,0.588,1.9,8.4
Jordan McLaughlin,2.16,PG,26,43,15.8,0,1.4,0.421,1.6,0.552,3.4,27.4
Malachi Flynn,2.14572,PG,24,53,13,2,1.6,0.36,2.1,0.367,1.3,13.7
Cam Thomas,2.13816,SG,21,57,16.6,4,3.5,0.441,5.7,0.464,1.4,12.7
Luke Kornet,2.133278,C,27,69,11.7,0,1.6,0.665,2.3,0.701,0.8,9.1
Damion Lee,2.133278,SG,30,74,20.4,5,2.7,0.442,2.8,0.439,1.3,8.9
Juan Toscano-Anderson,2.133278,SF,29,52,13.5,9,1.2,0.448,1.9,0.56,1.3,11.8
Desmond Bane,2.13024,SG,24,58,31.7,58,7.8,0.479,9.2,0.534,4.4,20.8
Jaden Springer,2.1252,SG,20,16,5.6,2,1.1,0.486,1.9,0.5,0.5,13.8
Day'Ron Sharpe,2.10948,C,21,48,11.5,3,1.9,0.544,3.3,0.544,0.8,9.7
Tony Bradley,2.036318,C,25,12,2.8,0,0.5,0.5,0.6,0.429,0.1,4.4
Frank Ntilikina,2.036318,SG,24,47,12.9,5,1,0.364,1.4,0.477,1.2,12.8
Garrison Mathews,2,SG,26,54,12.7,0,1.4,0.363,0.4,0.476,0.5,5.1
Jaylin Williams,2,C,20,49,18.7,36,2.1,0.436,2.5,0.463,1.6,10.7
Jeremiah Robinson-Earl,2,PF,22,43,18.9,20,2.6,0.444,3.2,0.533,1,7
Kenrich Williams,2,PF,28,53,22.8,10,3.4,0.517,4,0.608,2,11.7
Caleb Houstan,2,SF,20,51,15.9,4,1.3,0.363,0.9,0.435,0.6,4.9
Shake Milton,1.997718,SG,26,76,20.6,11,3.2,0.479,4.7,0.521,3.2,22.3
Aaron Holiday,1.968175,PG,26,63,13.4,6,1.5,0.418,2.1,0.424,1.4,13
Yuta Watanabe,1.968175,SF,28,58,16,1,2,0.491,1.7,0.557,0.8,7
Edmond Sumner,1.968175,SG,27,53,13.9,12,2.3,0.461,3.4,0.511,1.3,13.3
Theo Pinson,1.968175,SG,27,40,8.1,1,0.8,0.356,0.6,0.36,1.2,19.6
Thomas Bryant,1.968175,C,25,59,18.3,26,3.9,0.623,5.3,0.658,0.5,4.3
Josh Okogie,1.968175,SG,24,72,18.8,26,2.3,0.391,3,0.442,1.5,10.3
Drew Eubanks,1.968175,C,25,78,20.3,28,2.7,0.641,4.1,0.655,1.3,9.2
Dean Wade,1.930681,PF,26,44,20.3,13,1.7,0.412,1.1,0.56,0.8,5.4
Terance Mann,1.930681,SG,26,81,23.1,36,3.4,0.519,4,0.598,2.3,14
Jaylen Nowell,1.930681,SG,23,65,19.3,2,4.3,0.448,6,0.542,2,15.9
Naz Reid,1.930681,C,23,68,18.4,11,4.6,0.537,5.3,0.653,1.1,9.6
Jalen McDaniels,1.930681,SF,25,80,23.9,24,3.5,0.455,4.8,0.53,1.6,9.6
Daniel Gafford,1.930681,C,24,78,20.6,47,3.7,0.732,5.1,0.732,1.1,7.5
Chimezie Metu,1.91086,PF,25,66,10.4,0,2,0.589,2.7,0.663,0.6,8.1
Davon Reed,1.902133,SG,27,43,8,1,0.7,0.333,0.9,0.289,0.5,8.2
KZ Okpala,1.902133,PF,23,35,7.1,3,0.5,0.421,0.5,0.529,0.4,6.3
Wenyen Gabriel,1.87872,C,25,68,15.1,2,2.3,0.596,3.3,0.647,0.5,4.8
Thanasis Antetokounmpo,1.87872,PF,30,37,5.6,0,0.5,0.435,1,0.526,0.4,9.3
Moritz Wagner,1.87872,C,25,57,19.5,18,3.5,0.5,4.1,0.631,1.5,11.5
Keita Bates-Diop,1.87872,PF,27,67,21.7,42,3.5,0.508,4.8,0.557,1.5,9.8
Oshae Brissett,1.846738,PF,24,65,16.7,2,1.9,0.386,2.5,0.457,0.7,5.4
Nathan Knight,1.83609,C,25,38,7.7,0,1.2,0.568,1.6,0.644,0.3,6.1
Justin Jackson,1.83609,SF,27,23,4.7,0,0.3,0.259,0.3,0.286,0.4,10.5
Isaiah Joe,1.83609,SG,23,73,19.1,10,3.1,0.441,1.6,0.553,1.2,8.7
Ryan Arcidiacono,1.83609,PG,28,20,8.6,4,0.5,0.243,0.7,0.071,1.2,16.9
Anthony Gill,1.83609,PF,30,59,10.6,8,1.2,0.538,1.7,0.65,0.6,7.2
Javonte Green,1.815677,SF,29,32,15,1,1.9,0.565,2.3,0.658,0.7,6.4
Gabe Vincent,1.815677,PG,26,68,25.9,34,3.4,0.402,3.2,0.512,2.5,13.9
Max Strus,1.815677,SF,26,80,28.4,33,4.1,0.41,2.8,0.559,2.1,11.2
Nick Richards,1.782621,C,25,65,18.7,9,3,0.629,4.8,0.628,0.6,4.5
Lamar Stevens,1.782621,SF,25,62,18.1,25,2.1,0.448,3.1,0.513,0.5,4
Naji Marshall,1.782621,SF,25,77,23.3,21,3.2,0.433,4.6,0.513,2.5,14.4
Paul Reed,1.782621,C,23,69,10.9,2,1.8,0.593,2.9,0.606,0.4,5.3
Tre Jones,1.782621,PG,23,68,29.2,65,5,0.459,8.6,0.506,6.6,31.5
Haywood Highsmith,1.752638,PF,26,54,17.9,11,1.7,0.431,2,0.523,0.8,6.2
Omer Yurtseven,1.752638,C,24,9,9.2,0,1.8,0.593,2.2,0.65,0.2,3.9
Leandro Bolmaro,1.7093,SF,22,14,4.9,0,0.2,0.15,1.1,0.188,0.5,12.3
Terry Taylor,1.703902,PF,23,31,8.5,2,1.3,0.52,1.8,0.607,0.3,5.1
Jared Butler,1.674655,PG,22,6,12.8,1,2.5,0.469,3,0.444,1.3,15
Jericho Sims,1.639842,C,24,52,15.6,16,1.6,0.776,2,0.783,0.5,4
Sam Hauser,1.637966,SF,25,80,16.1,8,2.3,0.455,0.8,0.656,0.9,7.6
Kessler Edwards,1.637966,SF,22,36,10.7,4,1,0.387,1.1,0.5,0.6,7.5
Isaiah Todd,1.575,PF,21,6,10.2,1,0.5,0.158,1.5,0.222,0.7,7.9
Vit Krejci,1.563518,PG,22,29,5.7,0,0.5,0.405,0.6,0.625,0.6,12.4
JT Thor,1.563518,PF,20,69,14,8,1.4,0.399,1.7,0.487,0.5,4.9
Marko Simonovic,1.563518,C,23,7,2.9,0,0.3,0.286,0.4,0.333,0,0
Ayo Dosunmu,1.563518,SG,23,80,26.2,51,3.5,0.493,4.8,0.583,2.6,13.2
Isaiah Livers,1.563518,PF,24,52,23.1,22,2.3,0.417,1.6,0.541,0.8,4.8
Daishen Nix,1.563518,PG,20,57,16,7,1.4,0.342,1.7,0.423,2.3,19.2
Jason Preston,1.563518,PG,23,14,8.9,0,1.3,0.439,1.6,0.565,1.9,30.9
Austin Reaves,1.563518,SG,24,64,28.8,22,4,0.529,4.3,0.631,3.4,15.7
Jose Alvarado,1.563518,PG,24,61,21.5,10,3.3,0.411,4,0.488,3,19.9
Miles McBride,1.563518,PG,22,64,11.9,2,1.2,0.358,1.3,0.457,1.1,12.4
Aaron Wiggins,1.563518,SG,24,70,18.5,14,2.7,0.512,3.4,0.573,1.1,8.3
Jock Landale,1.563518,C,27,69,14.2,4,2.6,0.528,3.7,0.621,1,10.1
Trendon Watford,1.563518,PF,22,62,19.1,12,2.9,0.56,4.2,0.602,2.1,16
Dalano Banton,1.563518,PG,23,31,9,2,1.8,0.423,2.5,0.506,1.2,19.3
Christian Koloko,1.5,C,22,58,13.8,19,1.2,0.48,2.4,0.514,0.5,5
Bryce McGowens,1.461055,SG,20,46,17.1,7,1.7,0.396,2.7,0.443,1.2,9.1
Jordan Goodwin,1.280206,PG,24,62,17.8,7,2.5,0.448,3.8,0.511,2.7,20.8
Kennedy Chandler,1.2,PG,20,36,7.8,0,1,0.422,1.9,0.485,1.6,26.4
Noah Vonleh,1.160955,C,27,23,7.4,1,0.5,0.458,0.9,0.5,0.3,5.1
Sandro Mamukelashvili,1.116112,C,23,43,15.3,7,2.3,0.422,3,0.511,1.4,12.8
Sam Merrill,1.105522,SG,26,5,11.8,0,1.8,0.409,0.8,1,1,12
Tyrese Martin,1.017781,SG,23,16,4.1,0,0.6,0.391,1,0.5,0.1,3.9
Jaden Hardy,1.017781,SG,20,48,14.8,5,3,0.438,3.7,0.469,1.4,14.9
Ryan Rollins,1.017781,PG,20,12,5.2,0,0.6,0.35,0.9,0.364,0.5,12.4
Max Christie,1.017781,SG,19,41,12.5,3,1.1,0.415,1.1,0.409,0.5,5.1
Josh Minott,1.017781,SF,20,15,6.4,0,1.2,0.5,2,0.533,0.3,7.5
Jabari Walker,1.017781,SF,20,56,11.1,0,1.5,0.419,2.5,0.472,0.6,7.8
Eugene Omoruyi,1.013119,SF,25,40,16.1,6,2.5,0.443,3.5,0.547,0.7,6.3
Kris Dunn,1.000001,PG,28,22,25.8,3,5.3,0.537,8.2,0.55,5.6,32.3
Admiral Schofield,0.87794,PF,25,37,12.2,0,1.5,0.451,1.3,0.646,0.8,9.6
Justin Champagnie,0.853241,SF,21,5,6.8,0,1,0.333,2,0.4,0.8,16.3
Trevelin Queen,0.838891,SG,25,7,10,0,1,0.241,2,0.357,0.9,11.1
Moses Brown,0.824041,C,23,36,8.2,1,1.7,0.635,2.7,0.635,0.1,2.1
Matt Ryan,0.806097,SF,25,34,9.1,0,1.2,0.37,0.7,0.333,0.5,6.9
PJ Dozier,0.784654,SF,26,16,4.9,0,0.6,0.303,1.1,0.471,0.6,16.3
Cody Zeller,0.743922,C,30,15,14.5,2,2.5,0.627,3.8,0.649,0.7,7.2
Meyers Leonard,0.713558,C,30,9,12.7,2,1.6,0.483,1.2,0.636,0.1,1.2
Anthony Lamb,0.694878,SF,25,62,19.3,4,2.4,0.471,1.9,0.652,1.5,10.5
Michael Carter-Williams,0.652829,PG,31,4,11,0,1.5,0.429,2.8,0.455,1.8,22.6
Carlik Jones,0.612162,PG,25,7,8,0,0.9,0.4,1.3,0.333,0.9,13.9
Dereon Seabron,0.511816,SG,22,5,2.4,0,0.4,0.4,1,0.4,0,0
Trent Forrest,0.508891,SG,24,23,12,3,1.1,0.417,2.5,0.431,1.7,16.5
Mfiondu Kabengele,0.508891,PF,25,4,9,0,0.5,0.286,1,0.5,0,0
JD Davison,0.508891,SG,20,12,5.5,0,0.7,0.421,1,0.5,0.9,22.4
Malcolm Hill,0.508891,SF,27,5,1.8,0,0.4,0.5,0.2,1,0,0
Mamadi Diakite,0.508891,C,26,22,8,2,1.1,0.48,1.3,0.586,0.4,6.3
Isaiah Mobley,0.508891,PF,23,12,7,0,1,0.429,1.7,0.45,0.3,5
Jack White,0.508891,SF,25,17,3.9,0,0.5,0.421,0.6,0.5,0.2,7.7
Buddy Boeheim,0.508891,SF,23,10,9,0,0.5,0.185,0.2,0.5,0.4,5.8
Darius Days,0.508891,SF,23,4,6.3,0,1.3,0.417,0.5,1,0.3,6.2
Trevor Hudgins,0.508891,PG,23,5,5.6,0,0.4,0.222,0.2,0,0.6,13.9
Kendall Brown,0.508891,SG,19,6,6.7,0,0.7,0.571,1,0.667,0.5,9.7
Cole Swider,0.508891,SF,23,7,5.9,0,0.4,0.333,0.1,0,0.6,12
Jamal Cain,0.508891,PF,23,18,13.3,0,2.1,0.561,2.6,0.652,0.7,7.6
Luka Garza,0.508891,C,24,28,8.7,0,2.3,0.543,2.8,0.636,0.6,11.8
Kevon Harris,0.508891,SG,25,34,13.4,0,1.4,0.439,1.9,0.484,0.5,4.7
Keon Ellis,0.508891,SG,23,16,4.4,0,0.4,0.438,0.3,0.25,0.4,10.5
Neemias Queta,0.508891,C,23,5,5.8,0,1.2,0.667,1.8,0.667,0.2,5
Dominick Barlow,0.508891,PF,19,28,14.6,0,1.6,0.535,2.9,0.561,0.9,7.6
Julian Champagnie,0.508891,SF,21,17,18.8,3,3.5,0.454,2.8,0.542,0.6,4.5
Jeff Dowtin,0.508891,PG,25,25,10.4,0,1,0.439,1.6,0.488,1.2,15.5
Micah Potter,0.508891,PF,24,7,7.4,0,1.4,0.667,1.1,0.75,0.6,11.2
Johnny Juzang,0.508891,SG,21,18,12.9,0,1.9,0.337,2.3,0.488,0.4,4.7
John Butler,0.503041,C,20,19,11.6,1,0.9,0.321,0.9,0.5,0.6,6.5
Chima Moneke,0.5,SF,27,2,4,0,0.5,0.5,1,0.5,0.5,16.1
Facundo Campazzo,0.464299,PG,31,8,6.5,0,0.4,0.231,0.3,0,1.1,22.6
Orlando Robinson,0.386055,C,22,31,13.7,1,1.5,0.528,2.7,0.566,0.8,8.4
Dru Smith,0.374357,SG,25,15,10.5,1,1.2,0.4,1.7,0.5,1.5,19.3
Jared Rhoden,0.307089,SG,23,14,14.1,0,1.2,0.386,1.7,0.5,0.3,2.8
Louis King,0.307089,PF,23,1,29,0,8,0.615,5,0.8,2,12.2
Jarrett Culver,0.260295,SF,23,10,13.7,1,1.7,0.395,3.1,0.516,0.6,5.5
Olivier Sarr,0.257371,C,23,9,12.7,1,1.7,0.5,2.4,0.636,0.4,4.6
Donovan Williams,0.239822,SG,21,2,2,0,1,0.4,1.5,0.667,0,0
Quenton Jackson,0.21963,PG,24,9,15,0,2.1,0.452,3.3,0.6,1.7,15.1
Chris Silva,0.211045,PF,26,1,3,0,1,1,1,1,0,0
Tyler Dorsey,0.201802,SF,26,3,2.7,0,1.3,0.8,1,1,0,0
Braxton Key,0.201802,SF,25,3,3,0,0.3,1,0.3,1,0,0
Jordan Hall,0.193027,SF,21,9,9.2,0,1,0.321,1.4,0.462,1.2,17
Alize Johnson,0.192293,PF,26,4,7.5,0,0.8,0.5,1,0.75,0.3,4.2
Devon Dotson,0.16963,PG,23,6,8.8,0,0.2,0.1,1,0,1.3,17.6
Mac McClung,0.160856,SG,24,2,20.5,0,4.5,0.45,4.5,0.556,4.5,35.3
Xavier Cooks,0.140384,PF,27,10,12.6,1,1.7,0.607,2.7,0.63,0.6,6.4
Shaquille Harrison,0.134862,SG,29,5,24,0,3,0.417,5.2,0.462,6,34.9
Lester Quinones,0.129405,SG,22,4,4.5,0,0.5,0.4,0.3,0,0.5,14.2
Xavier Moon,0.116986,SG,28,4,5,0,0.8,0.333,1.5,0.333,1.3,35.7
Jamaree Bouyea,0.116986,PG,23,5,14.2,0,1.2,0.429,1.6,0.5,0.8,7.8
Jay Huff,0.116986,C,24,7,13.6,0,2.1,0.6,1.9,0.692,1.4,14.7
Skylar Mays,0.116574,PG,25,6,31.5,6,5.7,0.5,7,0.524,8.3,40
Frank Jackson,0.113114,PG,24,1,5,0,0,0,2,0,1,22.7
Deonte Burton,0.105522,PF,29,2,3,0,0,0,0.5,0,0,0
Jarrell Brantley,0.105522,PF,26,4,9.8,0,2,0.571,1.3,0.8,0.8,11.4
Xavier Sneed,0.10291,SF,25,4,12,0,1.3,0.5,1,0.5,1.3,13.9
Lindell Wigginton,0.099438,PG,24,7,12.4,1,2.6,0.486,2.7,0.632,2,23.8
Jordan Schakel,0.096514,SF,24,2,3,0,0.5,0.5,0.5,0,0.5,23.5
Jeenathan Williams,0.052644,SG,23,5,25.4,4,4.8,0.615,6.2,0.677,2,12.1
Jay Scrubb,0.049719,SG,22,2,15,0,2.5,0.714,2.5,0.6,0.5,5
Justin Minaya,0.035096,SF,23,4,22.3,0,1.8,0.304,2.8,0.364,1,5.9
Kobi Simmons,0.032795,SG,25,5,5.6,0,0.2,0.167,0.2,0,1,21.8
Gabe York,0.032171,SG,29,3,18.7,0,2.7,0.381,1,0.667,1.7,12.3
RaiQuan Gray,0.005849,PF,23,1,35,0,6,0.5,7,0.571,7,29
